,Model,Data,RMSE
0,RandomForest,No Additional Data,34226.64977799706
1,RandomForest,Best Added-Feature Set,28161.611955028096
2,RandomForest,Best Added-Feature Set Improvement,17.720220536653088
3,RandomForest,Day of Week Data Improvement,17.720220536653088
4,RandomForest,Season Data Improvement,-0.5665784359248818
5,RandomForest,Weather Data Improvement,-8.244233528566255
6,Linear,No Additional Data,50740.9982389037
7,Linear,Best Added-Feature Set,50740.9982389037
8,Linear,Best Added-Feature Set Improvement,0.0
9,Linear,Day of Week Data Improvement,-3.0868004694440714
10,Linear,Season Data Improvement,-0.13457569020356175
11,Linear,Weather Data Improvement,-6.11865903672394
12,Ridge,No Additional Data,50740.998238903725
13,Ridge,Best Added-Feature Set,32155.75450390446
14,Ridge,Best Added-Feature Set Improvement,36.627666739023155
15,Ridge,Day of Week Data Improvement,36.627666739023155
16,Ridge,Season Data Improvement,-0.07398392043614876
17,Ridge,Weather Data Improvement,-1.9930766329021878
18,Lasso,No Additional Data,50740.998238903885
19,Lasso,Best Added-Feature Set,33701.49847548437
20,Lasso,Best Added-Feature Set Improvement,33.581325466228364
21,Lasso,Day of Week Data Improvement,33.581325466228364
22,Lasso,Season Data Improvement,-0.06535602399620188
23,Lasso,Weather Data Improvement,-3.3796614017052775
24,GradientBoost,No Additional Data,37855.32698947211
25,GradientBoost,Best Added-Feature Set,29391.457286890647
26,GradientBoost,Best Added-Feature Set Improvement,22.358464120347804
27,GradientBoost,Day of Week Data Improvement,22.18578923439155
28,GradientBoost,Season Data Improvement,-5.736897366274704
29,GradientBoost,Weather Data Improvement,-10.909883614826938
30,SupportVector,No Additional Data,118583.22433834928
31,SupportVector,Best Added-Feature Set,118581.17525805233
32,SupportVector,Best Added-Feature Set Improvement,0.001727968107104516
33,SupportVector,Day of Week Data Improvement,0.0016292509451574233
34,SupportVector,Season Data Improvement,2.2971491944190348e-05
35,SupportVector,Weather Data Improvement,7.561572861902732e-05
36,MultilayerPerceptron,No Additional Data,38910.1558742655
37,MultilayerPerceptron,Best Added-Feature Set,35728.825496978796
38,MultilayerPerceptron,Best Added-Feature Set Improvement,8.176092605660273
39,MultilayerPerceptron,Day of Week Data Improvement,-2.312824958319382
40,MultilayerPerceptron,Season Data Improvement,-1.7786236967481983
41,MultilayerPerceptron,Weather Data Improvement,0.20441071073692285
42,kNearestNeighbor,No Additional Data,35422.40976165149
43,kNearestNeighbor,Best Added-Feature Set,34806.85898543891
44,kNearestNeighbor,Best Added-Feature Set Improvement,1.7377439320319326
45,kNearestNeighbor,Day of Week Data Improvement,1.2833467884989744
46,kNearestNeighbor,Season Data Improvement,1.08592104705221
47,kNearestNeighbor,Weather Data Improvement,0.5595125560953562
48,MovingAverage,No Additional Data,67466.70401033005
49,MovingAverage,Best Added-Feature Set,67466.70401033005
50,MovingAverage,Best Added-Feature Set Improvement,0.0
51,MovingAverage,Day of Week Data Improvement,0.0
52,MovingAverage,Season Data Improvement,0.0
53,MovingAverage,Weather Data Improvement,0.0
54,Poisson,No Additional Data,113301.7525694982
55,Poisson,Best Added-Feature Set,113301.7525694982
56,Poisson,Best Added-Feature Set Improvement,0.0
57,Poisson,Day of Week Data Improvement,0.0
58,Poisson,Season Data Improvement,0.0
59,Poisson,Weather Data Improvement,0.0
60,RandomForest,No Additional Data,36764.76445250782
61,RandomForest,Best Added-Feature Set,29720.365702124782
62,RandomForest,Best Added-Feature Set Improvement,19.160734075919052
63,RandomForest,Day of Week Data Improvement,19.160734075919052
64,RandomForest,Season Data Improvement,2.5822834471902922
65,RandomForest,Weather Data Improvement,-1.7675287003802964
66,Linear,No Additional Data,52239.99437173018
67,Linear,Best Added-Feature Set,52239.99437173018
68,Linear,Best Added-Feature Set Improvement,0.0
69,Linear,Day of Week Data Improvement,-6.593562909544332
70,Linear,Season Data Improvement,-0.964691514590271
71,Linear,Weather Data Improvement,-8.313974343165839
72,Ridge,No Additional Data,52239.99437173022
73,Ridge,Best Added-Feature Set,35164.363349375155
74,Ridge,Best Added-Feature Set Improvement,32.686892921251115
75,Ridge,Day of Week Data Improvement,32.686892921251115
76,Ridge,Season Data Improvement,-0.3472752414386946
77,Ridge,Weather Data Improvement,-2.517836635121995
78,Lasso,No Additional Data,52239.99437173048
79,Lasso,Best Added-Feature Set,38190.75808791454
80,Lasso,Best Added-Feature Set Improvement,26.893640500502514
81,Lasso,Day of Week Data Improvement,26.893640500502514
82,Lasso,Season Data Improvement,-0.7424063609903158
83,Lasso,Weather Data Improvement,-6.17421012147922
84,GradientBoost,No Additional Data,39951.97601676193
85,GradientBoost,Best Added-Feature Set,31362.53202936234
86,GradientBoost,Best Added-Feature Set Improvement,21.499422165741876
87,GradientBoost,Day of Week Data Improvement,17.69626609804716
88,GradientBoost,Season Data Improvement,-1.845720599130786
89,GradientBoost,Weather Data Improvement,-12.187232590217619
90,SupportVector,No Additional Data,62419.465094542276
91,SupportVector,Best Added-Feature Set,61626.670861862454
92,SupportVector,Best Added-Feature Set Improvement,1.2701073799319431
93,SupportVector,Day of Week Data Improvement,0.004426196748497091
94,SupportVector,Season Data Improvement,0.00019420049268603634
95,SupportVector,Weather Data Improvement,1.2691200805088556
96,MultilayerPerceptron,No Additional Data,40510.007458098924
97,MultilayerPerceptron,Best Added-Feature Set,35847.72968709902
98,MultilayerPerceptron,Best Added-Feature Set Improvement,11.508953129229312
99,MultilayerPerceptron,Day of Week Data Improvement,-4.8256163222346515
100,MultilayerPerceptron,Season Data Improvement,9.691435350511
101,MultilayerPerceptron,Weather Data Improvement,8.208659097958062
102,kNearestNeighbor,No Additional Data,37331.78777053886
103,kNearestNeighbor,Best Added-Feature Set,36909.979511474834
104,kNearestNeighbor,Best Added-Feature Set Improvement,1.129890327397888
105,kNearestNeighbor,Day of Week Data Improvement,0.8701063227182431
106,kNearestNeighbor,Season Data Improvement,0.7313753711769237
107,kNearestNeighbor,Weather Data Improvement,1.1021174210483764
108,MovingAverage,No Additional Data,71430.26618707915
109,MovingAverage,Best Added-Feature Set,71430.26618707915
110,MovingAverage,Best Added-Feature Set Improvement,0.0
111,MovingAverage,Day of Week Data Improvement,0.0
112,MovingAverage,Season Data Improvement,0.0
113,MovingAverage,Weather Data Improvement,0.0
114,Poisson,No Additional Data,120851.24317014463
115,Poisson,Best Added-Feature Set,120851.24317014463
116,Poisson,Best Added-Feature Set Improvement,0.0
117,Poisson,Day of Week Data Improvement,0.0
118,Poisson,Season Data Improvement,0.0
119,Poisson,Weather Data Improvement,0.0
120,RandomForest,No Additional Data,36264.63818323781
121,RandomForest,Best Added-Feature Set,30396.533039720372
122,RandomForest,Best Added-Feature Set Improvement,16.18134203867443
123,RandomForest,Day of Week Data Improvement,14.516080077136294
124,RandomForest,Season Data Improvement,0.3727777834131132
125,RandomForest,Weather Data Improvement,-4.680149883337023
126,Linear,No Additional Data,52890.646776012225
127,Linear,Best Added-Feature Set,52818.721956064735
128,Linear,Best Added-Feature Set Improvement,0.13598778674816003
129,Linear,Day of Week Data Improvement,-7.140303440378403
130,Linear,Season Data Improvement,0.13598778674816003
131,Linear,Weather Data Improvement,-5.224186561378048
132,Ridge,No Additional Data,52890.646776012305
133,Ridge,Best Added-Feature Set,37036.347267274046
134,Ridge,Best Added-Feature Set Improvement,29.9756204076686
135,Ridge,Day of Week Data Improvement,29.9756204076686
136,Ridge,Season Data Improvement,0.052709608787409934
137,Ridge,Weather Data Improvement,-1.848244647355287
138,Lasso,No Additional Data,52890.646776012414
139,Lasso,Best Added-Feature Set,39923.27440575519
140,Lasso,Best Added-Feature Set Improvement,24.51732614496659
141,Lasso,Day of Week Data Improvement,24.51732614496659
142,Lasso,Season Data Improvement,0.060070470297659995
143,Lasso,Weather Data Improvement,-3.5238157504707033
144,GradientBoost,No Additional Data,39328.04832735827
145,GradientBoost,Best Added-Feature Set,31636.703172395137
146,GradientBoost,Best Added-Feature Set Improvement,19.55689509670559
147,GradientBoost,Day of Week Data Improvement,15.068043075462256
148,GradientBoost,Season Data Improvement,-0.6322937170083662
149,GradientBoost,Weather Data Improvement,-9.519444088038298
150,SupportVector,No Additional Data,78414.59074200949
151,SupportVector,Best Added-Feature Set,78413.00003204448
152,SupportVector,Best Added-Feature Set Improvement,0.00202858925864291
153,SupportVector,Day of Week Data Improvement,0.0019285649156159934
154,SupportVector,Season Data Improvement,6.45642815300107e-06
155,SupportVector,Weather Data Improvement,9.342998490069476e-05
156,MultilayerPerceptron,No Additional Data,40927.22288840576
157,MultilayerPerceptron,Best Added-Feature Set,36135.199281724636
158,MultilayerPerceptron,Best Added-Feature Set Improvement,11.708645904823058
159,MultilayerPerceptron,Day of Week Data Improvement,11.708645904823058
160,MultilayerPerceptron,Season Data Improvement,3.715842848720655
161,MultilayerPerceptron,Weather Data Improvement,7.073007722072617
162,kNearestNeighbor,No Additional Data,38021.12668552292
163,kNearestNeighbor,Best Added-Feature Set,37400.363061178585
164,kNearestNeighbor,Best Added-Feature Set Improvement,1.6326807710848357
165,kNearestNeighbor,Day of Week Data Improvement,-0.12709130344092046
166,kNearestNeighbor,Season Data Improvement,1.6326807710848357
167,kNearestNeighbor,Weather Data Improvement,0.32667790458856416
168,MovingAverage,No Additional Data,70777.05361129546
169,MovingAverage,Best Added-Feature Set,70777.05361129546
170,MovingAverage,Best Added-Feature Set Improvement,0.0
171,MovingAverage,Day of Week Data Improvement,0.0
172,MovingAverage,Season Data Improvement,0.0
173,MovingAverage,Weather Data Improvement,0.0
174,Poisson,No Additional Data,119321.61917167576
175,Poisson,Best Added-Feature Set,119321.61917167576
176,Poisson,Best Added-Feature Set Improvement,0.0
177,Poisson,Day of Week Data Improvement,0.0
178,Poisson,Season Data Improvement,0.0
179,Poisson,Weather Data Improvement,0.0
180,RandomForest,No Additional Data,35033.170730859136
181,RandomForest,Best Added-Feature Set,25875.280150603532
182,RandomForest,Best Added-Feature Set Improvement,26.14062726611506
183,RandomForest,Day of Week Data Improvement,25.473636001257717
184,RandomForest,Season Data Improvement,-1.2266908914163395
185,RandomForest,Weather Data Improvement,-2.887089094523404
186,Linear,No Additional Data,51539.92754742593
187,Linear,Best Added-Feature Set,51517.577558976154
188,Linear,Best Added-Feature Set Improvement,0.043364415732270345
189,Linear,Day of Week Data Improvement,-2.529578016045093
190,Linear,Season Data Improvement,0.043364415732270345
191,Linear,Weather Data Improvement,-6.0326457075409365
192,Ridge,No Additional Data,51539.92754742593
193,Ridge,Best Added-Feature Set,32925.520955676795
194,Ridge,Best Added-Feature Set Improvement,36.11647799586167
195,Ridge,Day of Week Data Improvement,36.11647799586167
196,Ridge,Season Data Improvement,0.003054755911563234
197,Ridge,Weather Data Improvement,-1.8225006897323084
198,Lasso,No Additional Data,51539.9275474259
199,Lasso,Best Added-Feature Set,35632.986678560315
200,Lasso,Best Added-Feature Set Improvement,30.863335720114023
201,Lasso,Day of Week Data Improvement,30.863335720114023
202,Lasso,Season Data Improvement,0.04679759627869373
203,Lasso,Weather Data Improvement,-3.748649783314491
204,GradientBoost,No Additional Data,37878.19064712658
205,GradientBoost,Best Added-Feature Set,27211.054126348
206,GradientBoost,Best Added-Feature Set Improvement,28.161684437764407
207,GradientBoost,Day of Week Data Improvement,24.947441351191983
208,GradientBoost,Season Data Improvement,0.11797077716673243
209,GradientBoost,Weather Data Improvement,-15.04190170324651
210,SupportVector,No Additional Data,55581.298897523695
211,SupportVector,Best Added-Feature Set,55146.20258620316
212,SupportVector,Best Added-Feature Set Improvement,0.7828106214695083
213,SupportVector,Day of Week Data Improvement,0.00432154182047384
214,SupportVector,Season Data Improvement,6.950018538987024e-05
215,SupportVector,Weather Data Improvement,0.7814407271895476
216,MultilayerPerceptron,No Additional Data,44920.372064474475
217,MultilayerPerceptron,Best Added-Feature Set,35398.637230366054
218,MultilayerPerceptron,Best Added-Feature Set Improvement,21.19691889560002
219,MultilayerPerceptron,Day of Week Data Improvement,14.311050586413216
220,MultilayerPerceptron,Season Data Improvement,21.19691889560002
221,MultilayerPerceptron,Weather Data Improvement,18.103548281974383
222,kNearestNeighbor,No Additional Data,35647.42459046013
223,kNearestNeighbor,Best Added-Feature Set,35075.70327340021
224,kNearestNeighbor,Best Added-Feature Set Improvement,1.6038222217403018
225,kNearestNeighbor,Day of Week Data Improvement,1.5264015461384162
226,kNearestNeighbor,Season Data Improvement,0.6928365485632071
227,kNearestNeighbor,Weather Data Improvement,1.099346166110081
228,MovingAverage,No Additional Data,67758.18403537669
229,MovingAverage,Best Added-Feature Set,67758.18403537669
230,MovingAverage,Best Added-Feature Set Improvement,0.0
231,MovingAverage,Day of Week Data Improvement,0.0
232,MovingAverage,Season Data Improvement,0.0
233,MovingAverage,Weather Data Improvement,0.0
234,Poisson,No Additional Data,115455.43193871516
235,Poisson,Best Added-Feature Set,115455.43193871516
236,Poisson,Best Added-Feature Set Improvement,0.0
237,Poisson,Day of Week Data Improvement,0.0
238,Poisson,Season Data Improvement,0.0
239,Poisson,Weather Data Improvement,0.0
240,RandomForest,No Additional Data,36467.29552288726
241,RandomForest,Best Added-Feature Set,24579.793702301104
242,RandomForest,Best Added-Feature Set Improvement,32.597706109369796
243,RandomForest,Day of Week Data Improvement,30.13522648337944
244,RandomForest,Season Data Improvement,-2.096702207234742
245,RandomForest,Weather Data Improvement,-4.910462947115448
246,Linear,No Additional Data,52182.601149017675
247,Linear,Best Added-Feature Set,51099.37145089693
248,Linear,Best Added-Feature Set Improvement,2.075844580892735
249,Linear,Day of Week Data Improvement,2.075844580892735
250,Linear,Season Data Improvement,-0.4241640175784056
251,Linear,Weather Data Improvement,-3.104162699533461
252,Ridge,No Additional Data,52182.60114901767
253,Ridge,Best Added-Feature Set,31820.400000749356
254,Ridge,Best Added-Feature Set Improvement,39.02105433594628
255,Ridge,Day of Week Data Improvement,39.01486133909564
256,Ridge,Season Data Improvement,-0.11728396609463232
257,Ridge,Weather Data Improvement,-0.7991253412208579
258,Lasso,No Additional Data,52182.60114901779
259,Lasso,Best Added-Feature Set,32933.69990898169
260,Lasso,Best Added-Feature Set Improvement,36.88758478150032
261,Lasso,Day of Week Data Improvement,36.88758478150032
262,Lasso,Season Data Improvement,-0.2615789635174366
263,Lasso,Weather Data Improvement,-1.8674526390080928
264,GradientBoost,No Additional Data,37107.2390140313
265,GradientBoost,Best Added-Feature Set,26705.84053617993
266,GradientBoost,Best Added-Feature Set Improvement,28.03064510921523
267,GradientBoost,Day of Week Data Improvement,22.388107588671858
268,GradientBoost,Season Data Improvement,-0.03949699932783801
269,GradientBoost,Weather Data Improvement,-17.17067113082757
270,SupportVector,No Additional Data,61477.61511762117
271,SupportVector,Best Added-Feature Set,59974.590178930885
272,SupportVector,Best Added-Feature Set Improvement,2.444832864473753
273,SupportVector,Day of Week Data Improvement,0.005769841072634563
274,SupportVector,Season Data Improvement,0.00020110349313995357
275,SupportVector,Weather Data Improvement,2.4437696658523436
276,MultilayerPerceptron,No Additional Data,43067.52248414326
277,MultilayerPerceptron,Best Added-Feature Set,35042.869201066416
278,MultilayerPerceptron,Best Added-Feature Set Improvement,18.632725590452495
279,MultilayerPerceptron,Day of Week Data Improvement,18.14923007470405
280,MultilayerPerceptron,Season Data Improvement,13.738898335652124
281,MultilayerPerceptron,Weather Data Improvement,12.350331344067925
282,kNearestNeighbor,No Additional Data,34798.73867867998
283,kNearestNeighbor,Best Added-Feature Set,33970.934008243676
284,kNearestNeighbor,Best Added-Feature Set Improvement,2.378835273542478
285,kNearestNeighbor,Day of Week Data Improvement,0.5389267342975756
286,kNearestNeighbor,Season Data Improvement,2.378835273542478
287,kNearestNeighbor,Weather Data Improvement,0.9942291222053683
288,MovingAverage,No Additional Data,68203.8974554763
289,MovingAverage,Best Added-Feature Set,68203.8974554763
290,MovingAverage,Best Added-Feature Set Improvement,0.0
291,MovingAverage,Day of Week Data Improvement,0.0
292,MovingAverage,Season Data Improvement,0.0
293,MovingAverage,Weather Data Improvement,0.0
294,Poisson,No Additional Data,117964.00072103234
295,Poisson,Best Added-Feature Set,117964.00072103234
296,Poisson,Best Added-Feature Set Improvement,0.0
297,Poisson,Day of Week Data Improvement,0.0
298,Poisson,Season Data Improvement,0.0
299,Poisson,Weather Data Improvement,0.0
300,RandomForest,No Additional Data,33038.25912785471
301,RandomForest,Best Added-Feature Set,26555.483617897946
302,RandomForest,Best Added-Feature Set Improvement,19.62202513416061
303,RandomForest,Day of Week Data Improvement,18.9342283259989
304,RandomForest,Season Data Improvement,0.22753363355910494
305,RandomForest,Weather Data Improvement,-4.316350538266775
306,Linear,No Additional Data,48573.5025196554
307,Linear,Best Added-Feature Set,48573.5025196554
308,Linear,Best Added-Feature Set Improvement,0.0
309,Linear,Day of Week Data Improvement,-2.0818359331859426
310,Linear,Season Data Improvement,-0.4014890521971921
311,Linear,Weather Data Improvement,-6.549541804724441
312,Ridge,No Additional Data,48573.50251965532
313,Ridge,Best Added-Feature Set,32708.835100930435
314,Ridge,Best Added-Feature Set Improvement,32.66115597141719
315,Ridge,Day of Week Data Improvement,32.66115597141719
316,Ridge,Season Data Improvement,-0.04971342280276758
317,Ridge,Weather Data Improvement,-2.9118722791655642
318,Lasso,No Additional Data,48573.50251965558
319,Lasso,Best Added-Feature Set,34644.54777301711
320,Lasso,Best Added-Feature Set Improvement,28.676035336348306
321,Lasso,Day of Week Data Improvement,28.676035336348306
322,Lasso,Season Data Improvement,-0.29485019127155
323,Lasso,Weather Data Improvement,-4.633958411783283
324,GradientBoost,No Additional Data,34359.94251742866
325,GradientBoost,Best Added-Feature Set,27976.73076978159
326,GradientBoost,Best Added-Feature Set Improvement,18.57748086862854
327,GradientBoost,Day of Week Data Improvement,14.182292684421896
328,GradientBoost,Season Data Improvement,-6.243334060432801
329,GradientBoost,Weather Data Improvement,-12.43726454014346
330,SupportVector,No Additional Data,57354.4600464273
331,SupportVector,Best Added-Feature Set,56764.57262505538
332,SupportVector,Best Added-Feature Set Improvement,1.0284944203021382
333,SupportVector,Day of Week Data Improvement,0.005094884854727866
334,SupportVector,Season Data Improvement,7.545745356196676e-05
335,SupportVector,Weather Data Improvement,1.0276532483144791
336,MultilayerPerceptron,No Additional Data,37835.40865535918
337,MultilayerPerceptron,Best Added-Feature Set,34284.381760517914
338,MultilayerPerceptron,Best Added-Feature Set Improvement,9.385459338334073
339,MultilayerPerceptron,Day of Week Data Improvement,8.683117998030326
340,MultilayerPerceptron,Season Data Improvement,6.33856772707594
341,MultilayerPerceptron,Weather Data Improvement,-2.0222069291037315
342,kNearestNeighbor,No Additional Data,33938.59860320649
343,kNearestNeighbor,Best Added-Feature Set,33386.429943725845
344,kNearestNeighbor,Best Added-Feature Set Improvement,1.6269636408277535
345,kNearestNeighbor,Day of Week Data Improvement,1.375233912010657
346,kNearestNeighbor,Season Data Improvement,0.26528453236483074
347,kNearestNeighbor,Weather Data Improvement,1.6269629557052951
348,MovingAverage,No Additional Data,68396.84639272057
349,MovingAverage,Best Added-Feature Set,68396.84639272057
350,MovingAverage,Best Added-Feature Set Improvement,0.0
351,MovingAverage,Day of Week Data Improvement,0.0
352,MovingAverage,Season Data Improvement,0.0
353,MovingAverage,Weather Data Improvement,0.0
354,Poisson,No Additional Data,116935.77728960304
355,Poisson,Best Added-Feature Set,116935.77728960304
356,Poisson,Best Added-Feature Set Improvement,0.0
357,Poisson,Day of Week Data Improvement,0.0
358,Poisson,Season Data Improvement,0.0
359,Poisson,Weather Data Improvement,0.0
360,RandomForest,No Additional Data,38463.77861972243
361,RandomForest,Best Added-Feature Set,30808.59703165154
362,RandomForest,Best Added-Feature Set Improvement,19.90231293642499
363,RandomForest,Day of Week Data Improvement,19.90231293642499
364,RandomForest,Season Data Improvement,-1.2081025811706638
365,RandomForest,Weather Data Improvement,-7.658167751181736
366,Linear,No Additional Data,54900.91072974088
367,Linear,Best Added-Feature Set,53503.0995106098
368,Linear,Best Added-Feature Set Improvement,2.5460619879550705
369,Linear,Day of Week Data Improvement,2.5460619879550705
370,Linear,Season Data Improvement,0.253799975525169
371,Linear,Weather Data Improvement,-5.808415062150075
372,Ridge,No Additional Data,54900.910729740885
373,Ridge,Best Added-Feature Set,36760.971487457165
374,Ridge,Best Added-Feature Set Improvement,33.04123556634728
375,Ridge,Day of Week Data Improvement,32.921739488133696
376,Ridge,Season Data Improvement,0.19109900516370715
377,Ridge,Weather Data Improvement,-1.9808265752610055
378,Lasso,No Additional Data,54900.9107297408
379,Lasso,Best Added-Feature Set,40113.03772125737
380,Lasso,Best Added-Feature Set Improvement,26.93556957785141
381,Lasso,Day of Week Data Improvement,26.93556957785141
382,Lasso,Season Data Improvement,0.219940205903697
383,Lasso,Weather Data Improvement,-3.7200005984081486
384,GradientBoost,No Additional Data,41539.725306872446
385,GradientBoost,Best Added-Feature Set,33145.26252416812
386,GradientBoost,Best Added-Feature Set Improvement,20.208277066568655
387,GradientBoost,Day of Week Data Improvement,12.120838023564843
388,GradientBoost,Season Data Improvement,-2.930595949039244
389,GradientBoost,Weather Data Improvement,-8.154474211510646
390,SupportVector,No Additional Data,96828.77394016563
391,SupportVector,Best Added-Feature Set,94793.1260532736
392,SupportVector,Best Added-Feature Set Improvement,2.1023171151066435
393,SupportVector,Day of Week Data Improvement,0.005724359261861878
394,SupportVector,Season Data Improvement,0.00032607410160778727
395,SupportVector,Weather Data Improvement,2.1012169172667257
396,MultilayerPerceptron,No Additional Data,41520.6432143463
397,MultilayerPerceptron,Best Added-Feature Set,39123.624568187945
398,MultilayerPerceptron,Best Added-Feature Set Improvement,5.773076861511953
399,MultilayerPerceptron,Day of Week Data Improvement,-2.024840778333399
400,MultilayerPerceptron,Season Data Improvement,-9.169604499416963
401,MultilayerPerceptron,Weather Data Improvement,-3.0928719907993383
402,kNearestNeighbor,No Additional Data,40143.72864373836
403,kNearestNeighbor,Best Added-Feature Set,39004.27143323851
404,kNearestNeighbor,Best Added-Feature Set Improvement,2.838443884005244
405,kNearestNeighbor,Day of Week Data Improvement,2.565012828231488
406,kNearestNeighbor,Season Data Improvement,2.115908201168409
407,kNearestNeighbor,Weather Data Improvement,1.6457547715428404
408,MovingAverage,No Additional Data,70115.65355465707
409,MovingAverage,Best Added-Feature Set,70115.65355465707
410,MovingAverage,Best Added-Feature Set Improvement,0.0
411,MovingAverage,Day of Week Data Improvement,0.0
412,MovingAverage,Season Data Improvement,0.0
413,MovingAverage,Weather Data Improvement,0.0
414,Poisson,No Additional Data,118386.10696711752
415,Poisson,Best Added-Feature Set,118386.10696711752
416,Poisson,Best Added-Feature Set Improvement,0.0
417,Poisson,Day of Week Data Improvement,0.0
418,Poisson,Season Data Improvement,0.0
419,Poisson,Weather Data Improvement,0.0
420,RandomForest,No Additional Data,37074.9432355707
421,RandomForest,Best Added-Feature Set,26688.864022640013
422,RandomForest,Best Added-Feature Set Improvement,28.013742723592372
423,RandomForest,Day of Week Data Improvement,26.75691663431641
424,RandomForest,Season Data Improvement,0.8748090745377795
425,RandomForest,Weather Data Improvement,-1.4380717669774299
426,Linear,No Additional Data,52687.31467467584
427,Linear,Best Added-Feature Set,51294.51619465173
428,Linear,Best Added-Feature Set Improvement,2.6435176828124867
429,Linear,Day of Week Data Improvement,2.6435176828124867
430,Linear,Season Data Improvement,0.3474062172809056
431,Linear,Weather Data Improvement,-3.1061284638343807
432,Ridge,No Additional Data,52687.31467467588
433,Ridge,Best Added-Feature Set,32123.690843954886
434,Ridge,Best Added-Feature Set Improvement,39.029553807578814
435,Ridge,Day of Week Data Improvement,38.57941101583832
436,Ridge,Season Data Improvement,0.24264119300121934
437,Ridge,Weather Data Improvement,-0.7498635212720188
438,Lasso,No Additional Data,52687.31467467602
439,Lasso,Best Added-Feature Set,34539.87896409369
440,Lasso,Best Added-Feature Set Improvement,34.44365275139906
441,Lasso,Day of Week Data Improvement,34.44365275139906
442,Lasso,Season Data Improvement,0.25688449249230416
443,Lasso,Weather Data Improvement,-1.7522728211823875
444,GradientBoost,No Additional Data,38963.757355349204
445,GradientBoost,Best Added-Feature Set,27226.837562388628
446,GradientBoost,Best Added-Feature Set Improvement,30.122659080129125
447,GradientBoost,Day of Week Data Improvement,25.964235303200624
448,GradientBoost,Season Data Improvement,-4.852192109777363
449,GradientBoost,Weather Data Improvement,-12.170571081914872
450,SupportVector,No Additional Data,76860.97289892177
451,SupportVector,Best Added-Feature Set,73914.8767265295
452,SupportVector,Best Added-Feature Set Improvement,3.833019621370923
453,SupportVector,Day of Week Data Improvement,0.004811493333505723
454,SupportVector,Season Data Improvement,0.0003440126303786428
455,SupportVector,Weather Data Improvement,3.8323535867148024
456,MultilayerPerceptron,No Additional Data,46691.77661463245
457,MultilayerPerceptron,Best Added-Feature Set,35036.19058339076
458,MultilayerPerceptron,Best Added-Feature Set Improvement,24.962824026681005
459,MultilayerPerceptron,Day of Week Data Improvement,23.213881047316022
460,MultilayerPerceptron,Season Data Improvement,15.36411746531121
461,MultilayerPerceptron,Weather Data Improvement,20.883072892653757
462,kNearestNeighbor,No Additional Data,38561.57015342492
463,kNearestNeighbor,Best Added-Feature Set,37642.04599083726
464,kNearestNeighbor,Best Added-Feature Set Improvement,2.384560999277639
465,kNearestNeighbor,Day of Week Data Improvement,0.8848014857239832
466,kNearestNeighbor,Season Data Improvement,1.9180868130283386
467,kNearestNeighbor,Weather Data Improvement,1.5088631961857146
468,MovingAverage,No Additional Data,70313.33304484817
469,MovingAverage,Best Added-Feature Set,70313.33304484817
470,MovingAverage,Best Added-Feature Set Improvement,0.0
471,MovingAverage,Day of Week Data Improvement,0.0
472,MovingAverage,Season Data Improvement,0.0
473,MovingAverage,Weather Data Improvement,0.0
474,Poisson,No Additional Data,117763.08352605764
475,Poisson,Best Added-Feature Set,117763.08352605764
476,Poisson,Best Added-Feature Set Improvement,0.0
477,Poisson,Day of Week Data Improvement,0.0
478,Poisson,Season Data Improvement,0.0
479,Poisson,Weather Data Improvement,0.0
480,RandomForest,No Additional Data,36971.83446662699
481,RandomForest,Best Added-Feature Set,29337.781281462234
482,RandomForest,Best Added-Feature Set Improvement,20.648294290227113
483,RandomForest,Day of Week Data Improvement,18.269260077249413
484,RandomForest,Season Data Improvement,2.512480015794935
485,RandomForest,Weather Data Improvement,-6.556495720832089
486,Linear,No Additional Data,52661.890705599086
487,Linear,Best Added-Feature Set,52661.890705599086
488,Linear,Best Added-Feature Set Improvement,0.0
489,Linear,Day of Week Data Improvement,-6.60846039308457
490,Linear,Season Data Improvement,-0.11158841961827193
491,Linear,Weather Data Improvement,-2.591526671007827
492,Ridge,No Additional Data,52661.890705599086
493,Ridge,Best Added-Feature Set,36370.0920915718
494,Ridge,Best Added-Feature Set Improvement,30.936600254451406
495,Ridge,Day of Week Data Improvement,30.936600254451406
496,Ridge,Season Data Improvement,-0.05204046902817083
497,Ridge,Weather Data Improvement,-1.263428110602419
498,Lasso,No Additional Data,52661.890705599246
499,Lasso,Best Added-Feature Set,38539.036599558276
500,Lasso,Best Added-Feature Set Improvement,26.81797770040825
501,Lasso,Day of Week Data Improvement,26.81797770040825
502,Lasso,Season Data Improvement,-0.04259117074523999
503,Lasso,Weather Data Improvement,-1.8086160761739052
504,GradientBoost,No Additional Data,40742.22152499113
505,GradientBoost,Best Added-Feature Set,32931.72672938767
506,GradientBoost,Best Added-Feature Set Improvement,19.17051771664569
507,GradientBoost,Day of Week Data Improvement,16.694902682428676
508,GradientBoost,Season Data Improvement,-16.214528225940995
509,GradientBoost,Weather Data Improvement,-16.187612985859516
510,SupportVector,No Additional Data,108042.1988093055
511,SupportVector,Best Added-Feature Set,108040.79459145146
512,SupportVector,Best Added-Feature Set Improvement,0.0012996938876881359
513,SupportVector,Day of Week Data Improvement,0.0012996938876881359
514,SupportVector,Season Data Improvement,2.909549010610135e-05
515,SupportVector,Weather Data Improvement,-3.8181851365948205e-05
516,MultilayerPerceptron,No Additional Data,41026.00991268998
517,MultilayerPerceptron,Best Added-Feature Set,36285.70285508979
518,MultilayerPerceptron,Best Added-Feature Set Improvement,11.55439456015425
519,MultilayerPerceptron,Day of Week Data Improvement,9.839626228806921
520,MultilayerPerceptron,Season Data Improvement,-8.222386084188372
521,MultilayerPerceptron,Weather Data Improvement,-0.2235873917113338
522,kNearestNeighbor,No Additional Data,38115.805814986365
523,kNearestNeighbor,Best Added-Feature Set,36471.70899806317
524,kNearestNeighbor,Best Added-Feature Set Improvement,4.313425314693916
525,kNearestNeighbor,Day of Week Data Improvement,0.7146104442480095
526,kNearestNeighbor,Season Data Improvement,4.313425314693916
527,kNearestNeighbor,Weather Data Improvement,1.014333955689338
528,MovingAverage,No Additional Data,67985.80689527716
529,MovingAverage,Best Added-Feature Set,67985.80689527716
530,MovingAverage,Best Added-Feature Set Improvement,0.0
531,MovingAverage,Day of Week Data Improvement,0.0
532,MovingAverage,Season Data Improvement,0.0
533,MovingAverage,Weather Data Improvement,0.0
534,Poisson,No Additional Data,122078.85249829259
535,Poisson,Best Added-Feature Set,122078.85249829259
536,Poisson,Best Added-Feature Set Improvement,0.0
537,Poisson,Day of Week Data Improvement,0.0
538,Poisson,Season Data Improvement,0.0
539,Poisson,Weather Data Improvement,0.0
540,RandomForest,No Additional Data,35633.71452979524
541,RandomForest,Best Added-Feature Set,24842.888201111367
542,RandomForest,Best Added-Feature Set Improvement,30.28263112918269
543,RandomForest,Day of Week Data Improvement,29.781004013322843
544,RandomForest,Season Data Improvement,-1.4375888615173977
545,RandomForest,Weather Data Improvement,-1.178990446416762
546,Linear,No Additional Data,50969.36222737599
547,Linear,Best Added-Feature Set,50969.36222737599
548,Linear,Best Added-Feature Set Improvement,0.0
549,Linear,Day of Week Data Improvement,-3.2613508767980477
550,Linear,Season Data Improvement,-0.3631298219452077
551,Linear,Weather Data Improvement,-6.358187540956692
552,Ridge,No Additional Data,50969.36222737598
553,Ridge,Best Added-Feature Set,31535.241218050305
554,Ridge,Best Added-Feature Set Improvement,38.12902528116682
555,Ridge,Day of Week Data Improvement,38.12902528116682
556,Ridge,Season Data Improvement,0.0972980323692525
557,Ridge,Weather Data Improvement,-2.6207094264390776
558,Lasso,No Additional Data,50969.36222737607
559,Lasso,Best Added-Feature Set,33861.03748015036
560,Lasso,Best Added-Feature Set Improvement,33.56589919823773
561,Lasso,Day of Week Data Improvement,33.56589919823773
562,Lasso,Season Data Improvement,-0.0580189588386304
563,Lasso,Weather Data Improvement,-4.206591641006355
564,GradientBoost,No Additional Data,35848.07548133432
565,GradientBoost,Best Added-Feature Set,26056.20759668037
566,GradientBoost,Best Added-Feature Set Improvement,27.314905341996564
567,GradientBoost,Day of Week Data Improvement,24.325311991220687
568,GradientBoost,Season Data Improvement,-8.225773993790327
569,GradientBoost,Weather Data Improvement,-20.54511364437826
570,SupportVector,No Additional Data,74810.75780592166
571,SupportVector,Best Added-Feature Set,74808.39221183078
572,SupportVector,Best Added-Feature Set Improvement,0.003162104168239921
573,SupportVector,Day of Week Data Improvement,0.0029547932256406284
574,SupportVector,Season Data Improvement,0.0002071954943687615
575,SupportVector,Weather Data Improvement,-1.5889226801846235e-05
576,MultilayerPerceptron,No Additional Data,39268.19114706444
577,MultilayerPerceptron,Best Added-Feature Set,35035.21722943719
578,MultilayerPerceptron,Best Added-Feature Set Improvement,10.779650892943394
579,MultilayerPerceptron,Day of Week Data Improvement,7.690271733426314
580,MultilayerPerceptron,Season Data Improvement,3.4159590145387426
581,MultilayerPerceptron,Weather Data Improvement,-3.512549313996999
582,kNearestNeighbor,No Additional Data,36238.72143098802
583,kNearestNeighbor,Best Added-Feature Set,35176.635473217735
584,kNearestNeighbor,Best Added-Feature Set Improvement,2.930804167009285
585,kNearestNeighbor,Day of Week Data Improvement,0.7323329302914345
586,kNearestNeighbor,Season Data Improvement,2.930804167009285
587,kNearestNeighbor,Weather Data Improvement,0.873121985070469
588,MovingAverage,No Additional Data,67640.57043305077
589,MovingAverage,Best Added-Feature Set,67640.57043305077
590,MovingAverage,Best Added-Feature Set Improvement,0.0
591,MovingAverage,Day of Week Data Improvement,0.0
592,MovingAverage,Season Data Improvement,0.0
593,MovingAverage,Weather Data Improvement,0.0
594,Poisson,No Additional Data,118708.94099715247
595,Poisson,Best Added-Feature Set,118708.94099715247
596,Poisson,Best Added-Feature Set Improvement,0.0
597,Poisson,Day of Week Data Improvement,0.0
598,Poisson,Season Data Improvement,0.0
599,Poisson,Weather Data Improvement,0.0
600,RandomForest,No Additional Data,36495.12492899193
601,RandomForest,Best Added-Feature Set,27358.24832979237
602,RandomForest,Best Added-Feature Set Improvement,25.035882510272415
603,RandomForest,Day of Week Data Improvement,24.642413163933412
604,RandomForest,Season Data Improvement,0.0888460211303368
605,RandomForest,Weather Data Improvement,-3.480188953059212
606,Linear,No Additional Data,52284.27692547379
607,Linear,Best Added-Feature Set,52284.27692547379
608,Linear,Best Added-Feature Set Improvement,-1.4210854715202004e-14
609,Linear,Day of Week Data Improvement,-3.1696926855762086
610,Linear,Season Data Improvement,-0.19265770301583984
611,Linear,Weather Data Improvement,-3.64720787346495
612,Ridge,No Additional Data,52284.276925473794
613,Ridge,Best Added-Feature Set,33804.0511968352
614,Ridge,Best Added-Feature Set Improvement,35.345665686417306
615,Ridge,Day of Week Data Improvement,35.345665686417306
616,Ridge,Season Data Improvement,-0.18359053819210658
617,Ridge,Weather Data Improvement,-0.9226562810042509
618,Lasso,No Additional Data,52284.276925473896
619,Lasso,Best Added-Feature Set,36033.80804020182
620,Lasso,Best Added-Feature Set Improvement,31.080986179526832
621,Lasso,Day of Week Data Improvement,31.080986179526832
622,Lasso,Season Data Improvement,-0.19294835537877475
623,Lasso,Weather Data Improvement,-2.0305082928872196
624,GradientBoost,No Additional Data,37250.02689736459
625,GradientBoost,Best Added-Feature Set,28432.437170315265
626,GradientBoost,Best Added-Feature Set Improvement,23.671364725036383
627,GradientBoost,Day of Week Data Improvement,15.568043785489152
628,GradientBoost,Season Data Improvement,-3.9745209419235152
629,GradientBoost,Weather Data Improvement,-10.754644896788747
630,SupportVector,No Additional Data,59267.77494273909
631,SupportVector,Best Added-Feature Set,57914.99920718508
632,SupportVector,Best Added-Feature Set Improvement,2.2824810562923545
633,SupportVector,Day of Week Data Improvement,0.0051582163004155746
634,SupportVector,Season Data Improvement,0.00047612389079176864
635,SupportVector,Weather Data Improvement,2.2814538789262144
636,MultilayerPerceptron,No Additional Data,42777.29839417558
637,MultilayerPerceptron,Best Added-Feature Set,35786.05249004048
638,MultilayerPerceptron,Best Added-Feature Set Improvement,16.343355393118998
639,MultilayerPerceptron,Day of Week Data Improvement,11.623424277873823
640,MultilayerPerceptron,Season Data Improvement,15.925435261802974
641,MultilayerPerceptron,Weather Data Improvement,-1.90069237740191
642,kNearestNeighbor,No Additional Data,37396.04516329879
643,kNearestNeighbor,Best Added-Feature Set,36945.868588006204
644,kNearestNeighbor,Best Added-Feature Set Improvement,1.203807978428685
645,kNearestNeighbor,Day of Week Data Improvement,1.0704222162332115
646,kNearestNeighbor,Season Data Improvement,1.203807978428685
647,kNearestNeighbor,Weather Data Improvement,0.9573228413037782
648,MovingAverage,No Additional Data,68575.93391284352
649,MovingAverage,Best Added-Feature Set,68575.93391284352
650,MovingAverage,Best Added-Feature Set Improvement,0.0
651,MovingAverage,Day of Week Data Improvement,0.0
652,MovingAverage,Season Data Improvement,0.0
653,MovingAverage,Weather Data Improvement,0.0
654,Poisson,No Additional Data,117469.77246202227
655,Poisson,Best Added-Feature Set,117469.77246202227
656,Poisson,Best Added-Feature Set Improvement,0.0
657,Poisson,Day of Week Data Improvement,0.0
658,Poisson,Season Data Improvement,0.0
659,Poisson,Weather Data Improvement,0.0
660,RandomForest,No Additional Data,34853.88629854431
661,RandomForest,Best Added-Feature Set,27352.944169179475
662,RandomForest,Best Added-Feature Set Improvement,21.521106900719175
663,RandomForest,Day of Week Data Improvement,20.36489271789307
664,RandomForest,Season Data Improvement,-0.4951261720503055
665,RandomForest,Weather Data Improvement,-4.000408469708546
666,Linear,No Additional Data,49636.11256782486
667,Linear,Best Added-Feature Set,49522.56967149791
668,Linear,Best Added-Feature Set Improvement,0.22875058189094943
669,Linear,Day of Week Data Improvement,-1.8993409486834594
670,Linear,Season Data Improvement,0.22875058189094943
671,Linear,Weather Data Improvement,-5.413432075666648
672,Ridge,No Additional Data,49636.11256782484
673,Ridge,Best Added-Feature Set,31921.3334589169
674,Ridge,Best Added-Feature Set Improvement,35.689295942952285
675,Ridge,Day of Week Data Improvement,35.689295942952285
676,Ridge,Season Data Improvement,-0.07818748598450043
677,Ridge,Weather Data Improvement,-1.5655359596985647
678,Lasso,No Additional Data,49636.11256782499
679,Lasso,Best Added-Feature Set,33621.096653164284
680,Lasso,Best Added-Feature Set Improvement,32.264847277830384
681,Lasso,Day of Week Data Improvement,32.264847277830384
682,Lasso,Season Data Improvement,0.0361827667371557
683,Lasso,Weather Data Improvement,-3.444763944419492
684,GradientBoost,No Additional Data,35074.85116744313
685,GradientBoost,Best Added-Feature Set,27489.56548060579
686,GradientBoost,Best Added-Feature Set Improvement,21.625995362392544
687,GradientBoost,Day of Week Data Improvement,17.716361813650266
688,GradientBoost,Season Data Improvement,-7.722480332361073
689,GradientBoost,Weather Data Improvement,-18.206791620706355
690,SupportVector,No Additional Data,83772.80781837238
691,SupportVector,Best Added-Feature Set,83770.3476007535
692,SupportVector,Best Added-Feature Set Improvement,0.002936773498404932
693,SupportVector,Day of Week Data Improvement,0.0028935006421875187
694,SupportVector,Season Data Improvement,9.560027422139683e-06
695,SupportVector,Weather Data Improvement,3.3634962036899196e-05
696,MultilayerPerceptron,No Additional Data,41484.40950823339
697,MultilayerPerceptron,Best Added-Feature Set,37130.62601976215
698,MultilayerPerceptron,Best Added-Feature Set Improvement,10.4949872496248
699,MultilayerPerceptron,Day of Week Data Improvement,-0.6863994065618328
700,MultilayerPerceptron,Season Data Improvement,9.04174997510222
701,MultilayerPerceptron,Weather Data Improvement,4.110894503855519
702,kNearestNeighbor,No Additional Data,34973.00607817397
703,kNearestNeighbor,Best Added-Feature Set,34292.33812169681
704,kNearestNeighbor,Best Added-Feature Set Improvement,1.946266657649275
705,kNearestNeighbor,Day of Week Data Improvement,0.7951892322563765
706,kNearestNeighbor,Season Data Improvement,1.946266657649275
707,kNearestNeighbor,Weather Data Improvement,1.1532896307859204
708,MovingAverage,No Additional Data,68477.41611659824
709,MovingAverage,Best Added-Feature Set,68477.41611659824
710,MovingAverage,Best Added-Feature Set Improvement,0.0
711,MovingAverage,Day of Week Data Improvement,0.0
712,MovingAverage,Season Data Improvement,0.0
713,MovingAverage,Weather Data Improvement,0.0
714,Poisson,No Additional Data,114836.66866927267
715,Poisson,Best Added-Feature Set,114836.66866927267
716,Poisson,Best Added-Feature Set Improvement,0.0
717,Poisson,Day of Week Data Improvement,0.0
718,Poisson,Season Data Improvement,0.0
719,Poisson,Weather Data Improvement,0.0
720,RandomForest,No Additional Data,38185.95906695462
721,RandomForest,Best Added-Feature Set,28268.27306657186
722,RandomForest,Best Added-Feature Set Improvement,25.97207518866624
723,RandomForest,Day of Week Data Improvement,25.473110483236994
724,RandomForest,Season Data Improvement,-3.012571344642467
725,RandomForest,Weather Data Improvement,-6.444907119219351
726,Linear,No Additional Data,52633.74861961325
727,Linear,Best Added-Feature Set,52633.74861961325
728,Linear,Best Added-Feature Set Improvement,-1.4210854715202004e-14
729,Linear,Day of Week Data Improvement,-3.947660802310537
730,Linear,Season Data Improvement,-0.010543630701803863
731,Linear,Weather Data Improvement,-4.026514373435774
732,Ridge,No Additional Data,52633.74861961326
733,Ridge,Best Added-Feature Set,35702.587628459274
734,Ridge,Best Added-Feature Set Improvement,32.16787980182893
735,Ridge,Day of Week Data Improvement,32.16787980182893
736,Ridge,Season Data Improvement,0.15499215423234602
737,Ridge,Weather Data Improvement,-0.893780535966826
738,Lasso,No Additional Data,52633.74861961321
739,Lasso,Best Added-Feature Set,38219.6573668659
740,Lasso,Best Added-Feature Set Improvement,27.385644440639567
741,Lasso,Day of Week Data Improvement,26.838830319763204
742,Lasso,Season Data Improvement,0.07908916884622386
743,Lasso,Weather Data Improvement,-1.9912900639826603
744,GradientBoost,No Additional Data,41336.80773939089
745,GradientBoost,Best Added-Feature Set,31480.547632534624
746,GradientBoost,Best Added-Feature Set Improvement,23.84378631508109
747,GradientBoost,Day of Week Data Improvement,17.938979390794728
748,GradientBoost,Season Data Improvement,-1.3894356193975739
749,GradientBoost,Weather Data Improvement,-18.966696044927588
750,SupportVector,No Additional Data,54011.3423960511
751,SupportVector,Best Added-Feature Set,53834.26494272054
752,SupportVector,Best Added-Feature Set Improvement,0.3278523463314258
753,SupportVector,Day of Week Data Improvement,0.004504070914748581
754,SupportVector,Season Data Improvement,7.171530887717381e-05
755,SupportVector,Weather Data Improvement,0.3256180274124034
756,MultilayerPerceptron,No Additional Data,44844.93335550903
757,MultilayerPerceptron,Best Added-Feature Set,37369.76056561174
758,MultilayerPerceptron,Best Added-Feature Set Improvement,16.668934995705584
759,MultilayerPerceptron,Day of Week Data Improvement,7.95782939061354
760,MultilayerPerceptron,Season Data Improvement,10.2945320656181
761,MultilayerPerceptron,Weather Data Improvement,8.167474316962853
762,kNearestNeighbor,No Additional Data,39090.501989268414
763,kNearestNeighbor,Best Added-Feature Set,37395.838013241024
764,kNearestNeighbor,Best Added-Feature Set Improvement,4.335232063514113
765,kNearestNeighbor,Day of Week Data Improvement,1.8694942711858715
766,kNearestNeighbor,Season Data Improvement,2.817672798975579
767,kNearestNeighbor,Weather Data Improvement,0.9516740154609806
768,MovingAverage,No Additional Data,69595.87731735488
769,MovingAverage,Best Added-Feature Set,69595.87731735488
770,MovingAverage,Best Added-Feature Set Improvement,0.0
771,MovingAverage,Day of Week Data Improvement,0.0
772,MovingAverage,Season Data Improvement,0.0
773,MovingAverage,Weather Data Improvement,0.0
774,Poisson,No Additional Data,117971.71831492354
775,Poisson,Best Added-Feature Set,117971.71831492354
776,Poisson,Best Added-Feature Set Improvement,0.0
777,Poisson,Day of Week Data Improvement,0.0
778,Poisson,Season Data Improvement,0.0
779,Poisson,Weather Data Improvement,0.0
780,RandomForest,No Additional Data,37032.7997844888
781,RandomForest,Best Added-Feature Set,29070.356555124188
782,RandomForest,Best Added-Feature Set Improvement,21.501056565265927
783,RandomForest,Day of Week Data Improvement,21.501056565265927
784,RandomForest,Season Data Improvement,1.1254636971182208
785,RandomForest,Weather Data Improvement,-1.965765032832067
786,Linear,No Additional Data,53770.98415414369
787,Linear,Best Added-Feature Set,53770.98415414369
788,Linear,Best Added-Feature Set Improvement,0.0
789,Linear,Day of Week Data Improvement,-6.5886858905543875
790,Linear,Season Data Improvement,-0.2849803726553688
791,Linear,Weather Data Improvement,-6.970663977492691
792,Ridge,No Additional Data,53770.98415414371
793,Ridge,Best Added-Feature Set,35197.41882272516
794,Ridge,Best Added-Feature Set Improvement,34.54198509399467
795,Ridge,Day of Week Data Improvement,34.54198509399467
796,Ridge,Season Data Improvement,-0.3776435418794506
797,Ridge,Weather Data Improvement,-2.3275097727080265
798,Lasso,No Additional Data,53770.98415414391
799,Lasso,Best Added-Feature Set,36819.35101773908
800,Lasso,Best Added-Feature Set Improvement,31.52561442396147
801,Lasso,Day of Week Data Improvement,31.52561442396147
802,Lasso,Season Data Improvement,-0.3532699257371519
803,Lasso,Weather Data Improvement,-4.4511069847013545
804,GradientBoost,No Additional Data,39927.886443158575
805,GradientBoost,Best Added-Feature Set,29915.44978908774
806,GradientBoost,Best Added-Feature Set Improvement,25.076300165110325
807,GradientBoost,Day of Week Data Improvement,21.701116838370808
808,GradientBoost,Season Data Improvement,3.04599416370219
809,GradientBoost,Weather Data Improvement,-9.266292581733126
810,SupportVector,No Additional Data,56829.04884283461
811,SupportVector,Best Added-Feature Set,56236.59445584324
812,SupportVector,Best Added-Feature Set Improvement,1.0425203290483438
813,SupportVector,Day of Week Data Improvement,0.004392572140645257
814,SupportVector,Season Data Improvement,6.261762406722937e-05
815,SupportVector,Weather Data Improvement,1.0414569667621834
816,MultilayerPerceptron,No Additional Data,47000.551159773335
817,MultilayerPerceptron,Best Added-Feature Set,35949.766047863406
818,MultilayerPerceptron,Best Added-Feature Set Improvement,23.512033027748913
819,MultilayerPerceptron,Day of Week Data Improvement,12.832854892327461
820,MultilayerPerceptron,Season Data Improvement,23.512033027748913
821,MultilayerPerceptron,Weather Data Improvement,13.560216799648146
822,kNearestNeighbor,No Additional Data,39674.736253296476
823,kNearestNeighbor,Best Added-Feature Set,38390.06778452067
824,kNearestNeighbor,Best Added-Feature Set Improvement,3.23800128266528
825,kNearestNeighbor,Day of Week Data Improvement,2.053901750915472
826,kNearestNeighbor,Season Data Improvement,1.6307483934901228
827,kNearestNeighbor,Weather Data Improvement,1.1192942229184553
828,MovingAverage,No Additional Data,68779.1231888407
829,MovingAverage,Best Added-Feature Set,68779.1231888407
830,MovingAverage,Best Added-Feature Set Improvement,0.0
831,MovingAverage,Day of Week Data Improvement,0.0
832,MovingAverage,Season Data Improvement,0.0
833,MovingAverage,Weather Data Improvement,0.0
834,Poisson,No Additional Data,124245.22114923161
835,Poisson,Best Added-Feature Set,124245.22114923161
836,Poisson,Best Added-Feature Set Improvement,0.0
837,Poisson,Day of Week Data Improvement,0.0
838,Poisson,Season Data Improvement,0.0
839,Poisson,Weather Data Improvement,0.0
840,RandomForest,No Additional Data,39170.99678407592
841,RandomForest,Best Added-Feature Set,30813.35786630825
842,RandomForest,Best Added-Feature Set Improvement,21.336293696680386
843,RandomForest,Day of Week Data Improvement,19.658289937233974
844,RandomForest,Season Data Improvement,-3.164632112423277
845,RandomForest,Weather Data Improvement,-2.73544652582585
846,Linear,No Additional Data,51006.36360678965
847,Linear,Best Added-Feature Set,51006.36360678965
848,Linear,Best Added-Feature Set Improvement,0.0
849,Linear,Day of Week Data Improvement,-4.631532976641324
850,Linear,Season Data Improvement,-0.9253654573873433
851,Linear,Weather Data Improvement,-3.191993157222811
852,Ridge,No Additional Data,51006.36360678965
853,Ridge,Best Added-Feature Set,33853.0850004866
854,Ridge,Best Added-Feature Set Improvement,33.62968342252046
855,Ridge,Day of Week Data Improvement,33.62968342252046
856,Ridge,Season Data Improvement,-0.4316482748150179
857,Ridge,Weather Data Improvement,-0.4095933122463862
858,Lasso,No Additional Data,51006.36360678963
859,Lasso,Best Added-Feature Set,36300.401314252515
860,Lasso,Best Added-Feature Set Improvement,28.831622669488937
861,Lasso,Day of Week Data Improvement,28.831622669488937
862,Lasso,Season Data Improvement,-0.6814996202813575
863,Lasso,Weather Data Improvement,-1.1056691459903618
864,GradientBoost,No Additional Data,42876.88878554468
865,GradientBoost,Best Added-Feature Set,30181.807306342875
866,GradientBoost,Best Added-Feature Set Improvement,29.608215145222402
867,GradientBoost,Day of Week Data Improvement,21.382727205095406
868,GradientBoost,Season Data Improvement,3.477222923571361
869,GradientBoost,Weather Data Improvement,-2.279363113816629
870,SupportVector,No Additional Data,104854.61014520215
871,SupportVector,Best Added-Feature Set,104784.89812663413
872,SupportVector,Best Added-Feature Set Improvement,0.06648445735622488
873,SupportVector,Day of Week Data Improvement,0.003449635630516923
874,SupportVector,Season Data Improvement,5.245062131109535e-05
875,SupportVector,Weather Data Improvement,0.06531442211931449
876,MultilayerPerceptron,No Additional Data,45873.87294956404
877,MultilayerPerceptron,Best Added-Feature Set,36234.247672150224
878,MultilayerPerceptron,Best Added-Feature Set Improvement,21.0133233965488
879,MultilayerPerceptron,Day of Week Data Improvement,6.68147694975049
880,MultilayerPerceptron,Season Data Improvement,14.92776069790331
881,MultilayerPerceptron,Weather Data Improvement,4.947540494309038
882,kNearestNeighbor,No Additional Data,39470.14506434988
883,kNearestNeighbor,Best Added-Feature Set,38729.68866225844
884,kNearestNeighbor,Best Added-Feature Set Improvement,1.8759910836006384
885,kNearestNeighbor,Day of Week Data Improvement,-1.9699137095959145
886,kNearestNeighbor,Season Data Improvement,1.4409947614981604
887,kNearestNeighbor,Weather Data Improvement,0.3034233387541434
888,MovingAverage,No Additional Data,67806.07974763727
889,MovingAverage,Best Added-Feature Set,67806.07974763727
890,MovingAverage,Best Added-Feature Set Improvement,0.0
891,MovingAverage,Day of Week Data Improvement,0.0
892,MovingAverage,Season Data Improvement,0.0
893,MovingAverage,Weather Data Improvement,0.0
894,Poisson,No Additional Data,117368.43548043697
895,Poisson,Best Added-Feature Set,117368.43548043697
896,Poisson,Best Added-Feature Set Improvement,0.0
897,Poisson,Day of Week Data Improvement,0.0
898,Poisson,Season Data Improvement,0.0
899,Poisson,Weather Data Improvement,0.0
900,RandomForest,No Additional Data,37549.885874576765
901,RandomForest,Best Added-Feature Set,28152.75516471471
902,RandomForest,Best Added-Feature Set Improvement,25.025723756525196
903,RandomForest,Day of Week Data Improvement,24.33544052441394
904,RandomForest,Season Data Improvement,3.869580785479698
905,RandomForest,Weather Data Improvement,-1.7451373196973208
906,Linear,No Additional Data,53606.91504052093
907,Linear,Best Added-Feature Set,53606.91504052093
908,Linear,Best Added-Feature Set Improvement,0.0
909,Linear,Day of Week Data Improvement,-6.141050771087947
910,Linear,Season Data Improvement,-0.03980329061367627
911,Linear,Weather Data Improvement,-5.16694910862897
912,Ridge,No Additional Data,53606.91504052095
913,Ridge,Best Added-Feature Set,37241.80314965225
914,Ridge,Best Added-Feature Set Improvement,30.527986694437587
915,Ridge,Day of Week Data Improvement,30.527986694437587
916,Ridge,Season Data Improvement,0.09611302970692748
917,Ridge,Weather Data Improvement,-1.7532985807680603
918,Lasso,No Additional Data,53606.91504052098
919,Lasso,Best Added-Feature Set,37801.3354581509
920,Lasso,Best Added-Feature Set Improvement,29.484217792467234
921,Lasso,Day of Week Data Improvement,29.484217792467234
922,Lasso,Season Data Improvement,0.04339090236442189
923,Lasso,Weather Data Improvement,-2.78361780331835
924,GradientBoost,No Additional Data,38444.33357451654
925,GradientBoost,Best Added-Feature Set,30993.63932117061
926,GradientBoost,Best Added-Feature Set Improvement,19.380474469415034
927,GradientBoost,Day of Week Data Improvement,15.82900439569751
928,GradientBoost,Season Data Improvement,-12.435282531313291
929,GradientBoost,Weather Data Improvement,-17.20981237446823
930,SupportVector,No Additional Data,91851.16481230927
931,SupportVector,Best Added-Feature Set,91848.52682764352
932,SupportVector,Best Added-Feature Set Improvement,0.0028720209168113797
933,SupportVector,Day of Week Data Improvement,0.002681858585319219
934,SupportVector,Season Data Improvement,0.00011013601123011085
935,SupportVector,Weather Data Improvement,8.001122245104852e-05
936,MultilayerPerceptron,No Additional Data,40503.59462767737
937,MultilayerPerceptron,Best Added-Feature Set,36462.89294258768
938,MultilayerPerceptron,Best Added-Feature Set Improvement,9.976155751688651
939,MultilayerPerceptron,Day of Week Data Improvement,0.18037693122741416
940,MultilayerPerceptron,Season Data Improvement,9.976155751688651
941,MultilayerPerceptron,Weather Data Improvement,3.5478893517456527
942,kNearestNeighbor,No Additional Data,36785.66001240179
943,kNearestNeighbor,Best Added-Feature Set,35798.92871384095
944,kNearestNeighbor,Best Added-Feature Set Improvement,2.6823803031621054
945,kNearestNeighbor,Day of Week Data Improvement,0.5621079110517542
946,kNearestNeighbor,Season Data Improvement,1.6236042261176067
947,kNearestNeighbor,Weather Data Improvement,0.03738435835906273
948,MovingAverage,No Additional Data,68786.33625079981
949,MovingAverage,Best Added-Feature Set,68786.33625079981
950,MovingAverage,Best Added-Feature Set Improvement,0.0
951,MovingAverage,Day of Week Data Improvement,0.0
952,MovingAverage,Season Data Improvement,0.0
953,MovingAverage,Weather Data Improvement,0.0
954,Poisson,No Additional Data,121163.48375110683
955,Poisson,Best Added-Feature Set,121163.48375110683
956,Poisson,Best Added-Feature Set Improvement,0.0
957,Poisson,Day of Week Data Improvement,0.0
958,Poisson,Season Data Improvement,0.0
959,Poisson,Weather Data Improvement,0.0
